Species,Family,Invisiveness class
Ageratina adenophora,Asteraceae,1 more harmful
Chromolaena odorata,Asteraceae,1 more harmful
Mikania micrantha,Asteraceae,1 more harmful
Tithonia diversifolia,Asteraceae,1 more harmful
Solidago canadensis,Asteraceae,1 more harmful
Bidens pilosa,Asteraceae,1 more harmful
Erigeron annuus,Asteraceae,1 more harmful
Erigeron canadensis,Asteraceae,1 more harmful
Ageratum conyzoides,Asteraceae,1 more harmful
Flaveria bidentis,Asteraceae,1 more harmful
Bidens frondosa,Asteraceae,1 more harmful
Parthenium hysterophorus,Asteraceae,1 more harmful
Aster subulatus,Asteraceae,1 more harmful
Ambrosia trifida,Asteraceae,1 more harmful
Ambrosia artemisiifolia,Asteraceae,1 more harmful
Praxelis clematidea,Asteraceae,1 more harmful
Ipomoea cairica,Convolvulaceae,1 more harmful
Ipomoea purpurea,Convolvulaceae,1 more harmful
Spermacoce alata,Rubiaceae,1 more harmful
Lantana camara,Verbenaceae,1 more harmful
Alternanthera philoxeroides,Amaranthaceae,1 more harmful
Amaranthus spinosus,Amaranthaceae,1 more harmful
Amaranthus retroflexus,Amaranthaceae,1 more harmful
Dysphania ambrosioides,Amaranthaceae,1 more harmful
Anredera cordifolia,Basellaceae,1 more harmful
Pistia stratiotes,Araceae,1 more harmful
Lolium temulentum,Poaceae,1 more harmful
Sorghum halepense,Poaceae,1 more harmful
Cenchrus echinatus,Poaceae,1 more harmful
Eichhornia crassipes,Pontederiaceae,1 more harmful
Erigeron sumatrensis,Asteraceae,1 more harmful
Mimosa bimucronata,Fabaceae,1 more harmful
Spartina alterniflora,Poaceae,1 more harmful
Daucus carota,Apiaceae,1 more harmful
Ageratum houstonianum,Asteraceae,1 more harmful
Tridax procumbens,Asteraceae,1 more harmful
Sphagneticola trilobata,Asteraceae,1 more harmful
Crassocephalum crepidioides,Asteraceae,1 more harmful
Galinsoga quadriradiata,Asteraceae,1 more harmful
Erigeron bonariensis,Asteraceae,1 more harmful
Synedrella nodiflora,Asteraceae,1 more harmful
Galinsoga parviflora,Asteraceae,1 more harmful
Sicyos angulatus,Cucurbitaceae,1 more harmful
Euphorbia heterophylla,Euphorbiaceae,1 more harmful
Ricinus communis,Euphorbiaceae,1 more harmful
Trifolium pratense,Fabaceae,1 more harmful
Trifolium repens,Fabaceae,1 more harmful
Sesbania cannabina,Fabaceae,1 more harmful
Leucaena leucocephala,Fabaceae,1 more harmful
Passiflora foetida,Passifloraceae,1 more harmful
Ipomoea nil,Convolvulaceae,1 more harmful
Hyptis suaveolens,Lamiaceae,1 more harmful
Plantago virginica,Plantaginaceae,1 more harmful
Scoparia dulcis,Plantaginaceae,1 more harmful
Datura metel,Solanaceae,1 more harmful
Solanum rostratum,Solanaceae,1 more harmful
Datura innoxia,Solanaceae,1 more harmful
Solanum aculeatissimum,Solanaceae,1 more harmful
Solanum torvum,Solanaceae,1 more harmful
Datura stramonium,Solanaceae,1 more harmful
Stachytarpheta jamaicensis,Verbenaceae,1 more harmful
Lepidium virginicum,Brassicaceae,1 more harmful
Geranium carolinianum,Geraniaceae,1 more harmful
Cuphea carthagenensis,Lythraceae,1 more harmful
Malvastrum coromandelianum,Malvaceae,1 more harmful
Oenothera biennis,Onagraceae,1 more harmful
Alternanthera pungens,Amaranthaceae,1 more harmful
Amaranthus albus,Amaranthaceae,1 more harmful
Amaranthus palmeri,Amaranthaceae,1 more harmful
Amaranthus viridis,Amaranthaceae,1 more harmful
Amaranthus blitum,Amaranthaceae,1 more harmful
Amaranthus hybridus,Amaranthaceae,1 more harmful
Celosia argentea,Amaranthaceae,1 more harmful
Opuntia ficus-indica,Cactaceae,1 more harmful
Opuntia monacantha,Cactaceae,1 more harmful
Opuntia dillenii,Cactaceae,1 more harmful
Agrostemma githago,Caryophyllaceae,1 more harmful
Mirabilis jalapa,Nyctaginaceae,1 more harmful
Phytolacca americana,Phytolaccaceae,1 more harmful
Paspalum conjugatum,Poaceae,1 more harmful
Melinis repens,Poaceae,1 more harmful
Cenchrus spinifex,Poaceae,1 more harmful
Bromus catharticus,Poaceae,1 more harmful
Panicum repens,Poaceae,1 more harmful
Avena fatua,Poaceae,1 more harmful
Brachiaria mutica,Poaceae,1 more harmful
Aegilops triuncialis,Poaceae,1 more harmful
Cabomba caroliniana,Cabombaceae,1 more harmful
Xanthium orientale,Asteraceae,1 more harmful
Xanthium spinosum,Asteraceae,1 more harmful
Mimosa pudica,Fabaceae,1 more harmful
Mimosa diplotricha,Fabaceae,1 more harmful
Ipomoea triloba,Convolvulaceae,1 more harmful
Solanum erianthum,Solanaceae,1 more harmful
Waltheria indica,Malvaceae,1 more harmful
Gaura mollis,Onagraceae,1 more harmful
Amaranthus polygonoides,Amaranthaceae,1 more harmful
Gomphrena celosioides,Amaranthaceae,1 more harmful
Chenopodium hybridum,Amaranthaceae,1 more harmful
Spartina anglica,Poaceae,1 more harmful
Coreopsis lanceolata,Asteraceae,2 less harmful
Cosmos sulphureus,Asteraceae,2 less harmful
Bidens bipinnata,Asteraceae,2 less harmful
Erigeron philadelphicus,Asteraceae,2 less harmful
Tagetes minuta,Asteraceae,2 less harmful
Euphorbia maculata,Euphorbiaceae,2 less harmful
Euphorbia peplus,Euphorbiaceae,2 less harmful
Euphorbia nutans,Euphorbiaceae,2 less harmful
Euphorbia hypericifolia,Euphorbiaceae,2 less harmful
Euphorbia cyathophora,Euphorbiaceae,2 less harmful
Euphorbia dentata,Euphorbiaceae,2 less harmful
Euphorbia hirta,Euphorbiaceae,2 less harmful
Robinia pseudoacacia,Fabaceae,2 less harmful
Desmodium tortuosum,Fabaceae,2 less harmful
Chamaecrista mimosoides,Fabaceae,2 less harmful
Acacia mearnsii,Fabaceae,2 less harmful
Mimosa pigra,Fabaceae,2 less harmful
Senna obtusifolia,Fabaceae,2 less harmful
Calopogonium mucunoides,Fabaceae,2 less harmful
Passiflora suberosa,Passifloraceae,2 less harmful
Phyllanthus amarus,Phyllanthaceae,2 less harmful
Dolichandra unguis-cati,Bignoniaceae,2 less harmful
Cuscuta epilinum,Convolvulaceae,2 less harmful
Ipomoea alba,Convolvulaceae,2 less harmful
Hyptis brevipes,Lamiaceae,2 less harmful
Hyptis capitata,Lamiaceae,2 less harmful
Veronica persica,Plantaginaceae,2 less harmful
Diodella teres,Rubiaceae,2 less harmful
Richardia scabra,Rubiaceae,2 less harmful
Solanum elaeagnifolium,Solanaceae,2 less harmful
Solanum capsicoides,Solanaceae,2 less harmful
Nicandra physalodes,Solanaceae,2 less harmful
Rhus typhina,Anacardiaceae,2 less harmful
Cleome rutidosperma,Cleomaceae,2 less harmful
Abutilon theophrasti,Malvaceae,2 less harmful
Oenothera laciniata,Onagraceae,2 less harmful
Amaranthus tricolor,Amaranthaceae,2 less harmful
Alternanthera paronychioides,Amaranthaceae,2 less harmful
Amaranthus hypochondriacus,Amaranthaceae,2 less harmful
Amaranthus cruentus,Amaranthaceae,2 less harmful
Cerastium glomeratum,Caryophyllaceae,2 less harmful
Argemone mexicana,Papaveraceae,2 less harmful
Ranunculus arvensis,Ranunculaceae,2 less harmful
Ranunculus muricatus,Ranunculaceae,2 less harmful
Panicum dichotomiflorum,Poaceae,2 less harmful
Pennisetum clandestinum,Poaceae,2 less harmful
Panicum maximum,Poaceae,2 less harmful
Pennisetum purpureum,Poaceae,2 less harmful
Eryngium foetidum,Apiaceae,2 less harmful
Hydrocotyle vulgaris,Araliaceae,2 less harmful
Euphorbia antiquorum,Euphorbiaceae,2 less harmful
Macroptilium atropurpureum,Fabaceae,2 less harmful
Trifolium hybridum,Fabaceae,2 less harmful
Crotalaria incana,Fabaceae,2 less harmful
Crotalaria micans,Fabaceae,2 less harmful
Crotalaria ochroleuca,Fabaceae,2 less harmful
Crotalaria pallida,Fabaceae,2 less harmful
Crotalaria trichotoma,Fabaceae,2 less harmful
Senna hirsuta,Fabaceae,2 less harmful
Senna occidentalis,Fabaceae,2 less harmful
Senna sophera,Fabaceae,2 less harmful
Acacia farnesiana,Fabaceae,2 less harmful
Ulex europaeus,Fabaceae,2 less harmful
Catharanthus roseus,Apocynaceae,2 less harmful
Atropa belladonna,Solanaceae,2 less harmful
Oenothera drummondii,Onagraceae,2 less harmful
Oenothera rosea,Onagraceae,2 less harmful
Amaranthus caudatus,Amaranthaceae,2 less harmful
Bryophyllum delagoense,Crassulaceae,2 less harmful
Limnocharis flava,Alismataceae,2 less harmful
Chloris gayana,Poaceae,2 less harmful
Paspalum dilatatum,Poaceae,2 less harmful
Brachiaria brizantha,Poaceae,2 less harmful
Iva xanthiifolia,Asteraceae,2 less harmful
Ipomoea lacunosa,Convolvulaceae,2 less harmful
Physalis angulata,Solanaceae,2 less harmful
Paraderris elliptica,Fabaceae,2 less harmful
Herissantia crispa,Malvaceae,2 less harmful
Pennisetum polystachion,Poaceae,2 less harmful
Cyclospermum leptophyllum,Apiaceae,2 less harmful
Taraxacum campylodes,Asteraceae,2 less harmful
Erechtites valerianifolius,Asteraceae,2 less harmful
Sonchus oleraceus,Asteraceae,2 less harmful
Senecio vulgaris,Asteraceae,2 less harmful
Erechtites hieraciifolius,Asteraceae,2 less harmful
Soliva anthemifolia,Asteraceae,2 less harmful
Cannabis sativa,Cannabaceae,2 less harmful
Euphorbia prostrata,Euphorbiaceae,2 less harmful
Medicago sativa,Fabaceae,2 less harmful
Melilotus officinalis,Fabaceae,2 less harmful
Vicia villosa,Fabaceae,2 less harmful
Medicago polymorpha,Fabaceae,2 less harmful
Melilotus albus,Fabaceae,2 less harmful
Crotalaria juncea,Fabaceae,2 less harmful
Melilotus indicus,Fabaceae,2 less harmful
Indigofera suffruticosa,Fabaceae,2 less harmful
Phyllanthus niruri,Phyllanthaceae,2 less harmful
Pilea microphylla,Urticaceae,2 less harmful
Veronica arvensis,Plantaginaceae,2 less harmful
Veronica polita,Plantaginaceae,2 less harmful
Veronica hederifolia,Plantaginaceae,2 less harmful
Veronica peregrina,Plantaginaceae,2 less harmful
Physalis philadelphica,Solanaceae,2 less harmful
Lepidium campestre,Brassicaceae,2 less harmful
Nasturtium officinale,Brassicaceae,2 less harmful
Lepidium didymum,Brassicaceae,2 less harmful
Cardamine flexuosa,Brassicaceae,2 less harmful
Hibiscus trionum,Malvaceae,2 less harmful
Sida acuta,Malvaceae,2 less harmful
Amaranthus blitoides,Amaranthaceae,2 less harmful
Impatiens balsamina,Balsaminaceae,2 less harmful
Stellaria pallida,Caryophyllaceae,2 less harmful
Vaccaria hispanica,Caryophyllaceae,2 less harmful
Talinum paniculatum,Talinaceae,2 less harmful
Peperomia pellucida,Piperaceae,2 less harmful
Phleum pratense,Poaceae,2 less harmful
Hordeum jubatum,Poaceae,2 less harmful
Lolium perenne,Poaceae,2 less harmful
Lolium multiflorum,Poaceae,2 less harmful
Eragrostis curvula,Poaceae,2 less harmful
Arrhenatherum elatius,Poaceae,2 less harmful
Secale cereale,Poaceae,2 less harmful
Helianthus tuberosus,Asteraceae,2 less harmful
Cichorium intybus,Asteraceae,2 less harmful
Silybum marianum,Asteraceae,2 less harmful
Trifolium incarnatum,Fabaceae,2 less harmful
Physalis peruviana,Solanaceae,2 less harmful
Sinapis alba,Brassicaceae,2 less harmful
Lepidium densiflorum,Brassicaceae,2 less harmful
Impatiens walleriana,Balsaminaceae,2 less harmful
Spergula arvensis,Caryophyllaceae,2 less harmful
Zephyranthes candida,Amaryllidaceae,2 less harmful
Setaria parviflora,Poaceae,2 less harmful
Buchloe dactyloides,Poaceae,2 less harmful
Lolium persicum,Poaceae,2 less harmful
Zinnia peruviana,Asteraceae,2 less harmful
Oxalis latifolia,Oxalidaceae,2 less harmful
Oxalis debilis,Oxalidaceae,2 less harmful
Oenothera stricta,Onagraceae,2 less harmful
Ismelia carinata,Asteraceae,2 less harmful
Zephyranthes carinata,Amaryllidaceae,2 less harmful
Poa compressa,Poaceae,2 less harmful
Crepis tectorum,Asteraceae,
Cosmos bipinnatus,Asteraceae,
Acanthospermum hispidum,Asteraceae,
Tagetes erecta,Asteraceae,
Pluchea sagittalis,Asteraceae,
Passiflora caerulea,Passifloraceae,
Cuscuta campestris,Convolvulaceae,
Ipomoea indica,Convolvulaceae,
Ipomoea quamoclit,Convolvulaceae,
Spermacoce remota,Rubiaceae,
Mitracarpus hirtus,Rubiaceae,
Richardia brasiliensis,Rubiaceae,
Raphanus raphanistrum,Brassicaceae,
Oenothera glazioviana,Onagraceae
Reseda lutea,Resedaceae
Tetragonia tetragonioides,Aizoaceae
Dysphania pumilio,Amaranthaceae
Bryophyllum pinnatum,Crassulaceae
Myriophyllum aquaticum,Haloragaceae
Rivina humilis,Petiveriaceae
Antigonon leptopus,Polygonaceae
Portulaca pilosa,Portulacaceae
Chrysopogon zizanioides,Poaceae
Paspalum urvillei,Poaceae
Elephantopus tomentosus,Asteraceae
Crassocephalum rubens,Asteraceae
Ammannia coccinea,Lythraceae
Paspalum distichum,Poaceae
Aegilops tauschii,Poaceae
Ammi majus,Apiaceae
Leucanthemum vulgare,Asteraceae
Calyptocarpus vialis,Asteraceae
Coreopsis basalis,Asteraceae
Soliva sessilis,Asteraceae
Eupatorium cannabinum,Asteraceae
Coreopsis grandiflora,Asteraceae
Pseudelephantopus spicatus,Asteraceae
Tanacetum parthenifolium,Asteraceae
Gymnocoronis spilanthoides,Asteraceae
Centaurea diffusa,Asteraceae
Erigeron speciosus,Asteraceae
Erigeron strigosus,Asteraceae
Gaillardia aristata,Asteraceae
Glebionis segetum,Asteraceae
Helenium bigelovii,Asteraceae
Pluchea carolinensis,Asteraceae
Anthemis arvensis,Asteraceae
Cyanus segetum,Asteraceae
Gaillardia pulchella,Asteraceae
Glebionis coronaria,Asteraceae
Coreopsis tinctoria,Asteraceae
Helenium autumnale,Asteraceae
Smallanthus uvedalia,Asteraceae
Centaurea stoebe,Asteraceae
Tithonia rotundifolia,Asteraceae
Hippobroma longiflora,Campanulaceae
Begonia cucullata,Begoniaceae
Casuarina equisetifolia,Casuarinaceae
Euphorbia tithymaloides,Euphorbiaceae
Jatropha curcas,Euphorbiaceae
Euphorbia serpens,Euphorbiaceae
Croton hirtus,Euphorbiaceae
Euphorbia pulcherrima,Euphorbiaceae
Euphorbia tirucalli,Euphorbiaceae
Euphorbia marginata,Euphorbiaceae
Aeschynomene americana,Fabaceae
Sesbania sesban,Fabaceae
Neptunia plena,Fabaceae
Amorpha fruticosa,Fabaceae
Acacia auriculiformis,Fabaceae
Caesalpinia pulcherrima,Fabaceae
Macroptilium lathyroides,Fabaceae
Securigera varia,Fabaceae
Acacia dealbata,Fabaceae
Acacia decurrens,Fabaceae
Acacia senegal,Fabaceae
Albizia lebbeck,Fabaceae
Crotalaria lanceolata,Fabaceae
Senna bicapsularis,Fabaceae
Senna corymbosa,Fabaceae
Tephrosia candida,Fabaceae
Cajanus cajan,Fabaceae
Clitoria ternatea,Fabaceae
Senna alata,Fabaceae
Senna didymobotrya,Fabaceae
Sesbania grandiflora,Fabaceae
Tamarindus indica,Fabaceae
Passiflora edulis,Passifloraceae
Passiflora quadrangularis,Passifloraceae
Andrographis paniculata,Acanthaceae
Ruellia tuberosa,Acanthaceae
Justicia adhatoda,Acanthaceae
Justicia gendarussa,Acanthaceae
Thunbergia alata,Acanthaceae
Asclepias curassavica,Apocynaceae
Pyrostegia venusta,Bignoniaceae
Symphytum officinale,Boraginaceae
Borago officinalis,Boraginaceae
Heliotropium europaeum,Boraginaceae
Ipomoea hederifolia,Convolvulaceae
Jacquemontia tamnifolia,Convolvulaceae
Mentha spicata,Lamiaceae
Salvia splendens,Lamiaceae
Ocimum basilicum,Lamiaceae
Salvia coccinea,Lamiaceae
Martynia annua,Martyniaceae
Digitalis purpurea,Plantaginaceae
Cymbalaria muralis,Plantaginaceae
Plantago aristata,Plantaginaceae
Brunfelsia brasiliensis,Solanaceae
Cestrum nocturnum,Solanaceae
Solanum mammosum,Solanaceae
Solanum carolinense,Solanaceae
Solanum diphyllum,Solanaceae
Solanum pseudocapsicum,Solanaceae
Solanum sisymbriifolium,Solanaceae
Duranta erecta,Verbenaceae
Lantana montevidensis,Verbenaceae
Verbena bracteata,Verbenaceae
Stachytarpheta cayennensis,Verbenaceae
Armoracia rusticana,Brassicaceae
Erysimum repandum,Brassicaceae
Alyssum alyssoides,Brassicaceae
Sonneratia apetala,Lythraceae
Abelmoschus esculentus,Malvaceae
Corchorus olitorius,Malvaceae
Clidemia hirta,Melastomataceae
Eucalyptus globulus,Myrtaceae
Psidium guajava,Myrtaceae
Acer negundo,Sapindaceae
Gomphrena globosa,Amaranthaceae
Atriplex canescens,Amaranthaceae
Amaranthus standleyanus,Amaranthaceae
Chenopodium giganteum,Amaranthaceae
Basella alba,Basellaceae
Pereskia aculeata,Cactaceae
Hylocereus undatus,Cactaceae
Saponaria officinalis,Caryophyllaceae
Silene latifolia,Caryophyllaceae
Oxybaphus nyctagineus,Nyctaginaceae
Bougainvillea glabra,Nyctaginaceae
Bougainvillea spectabilis,Nyctaginaceae
Papaver rhoeas,Papaveraceae
Homalocladium platycladum,Polygonaceae
Fallopia scandens,Polygonaceae
Portulaca grandiflora,Portulacaceae
Consolida ajacis,Ranunculaceae
Ranunculus sardous,Ranunculaceae
Talinum fruticosum,Talinaceae
Parthenocissus quinquefolia,Vitaceae
Piper betle,Piperaceae
Hippeastrum vittatum,Amaryllidaceae
Nothoscordum gracile,Amaryllidaceae
Xanthosoma sagittifolium,Araceae
Agave sisalana,Asparagaceae
Yucca gloriosa,Asparagaceae
Agave americana,Asparagaceae
Tradescantia pallida,Commelinaceae
Tradescantia zebrina,Commelinaceae
Callisia repens,Commelinaceae
Cyperus esculentus,Cyperaceae
Cyperus involucratus,Cyperaceae
Egeria densa,Hydrocharitaceae
Iris pseudacorus,Iridaceae
Thalia dealbata,Marantaceae
Cymbopogon citratus,Poaceae
Hordeum bulbosum,Poaceae
Cymbopogon nardus,Poaceae
Dinebra retroflexa,Poaceae
Parapholis incurva,Poaceae
Paspalum notatum,Poaceae
Setaria sphacelata,Poaceae
Ehrharta erecta,Poaceae
Phalaris paradoxa,Poaceae
Phalaris minor,Poaceae
Paspalum fimbriatum,Poaceae
Axonopus compressus,Poaceae
Panicum acuminatum,Poaceae
Paspalum malacophyllum,Poaceae
Paspalum virgatum,Poaceae
Cota tinctoria,Asteraceae
Sanvitalia procumbens,Asteraceae
Rudbeckia laciniata,Asteraceae
Silphium perfoliatum,Asteraceae
Acmella oleracea,Asteraceae
Eleutheranthera ruderalis,Asteraceae
Rudbeckia hirta,Asteraceae
Symphyotrichum subulatum,Asteraceae
Zinnia elegans,Asteraceae
Parthenium argentatum,Asteraceae
Triodanis perfoliata,Campanulaceae
Euphorbia chamaeclada,Euphorbiaceae
Acacia glauca,Fabaceae
Arachis duranensis,Fabaceae
Erythrina corallodendron,Fabaceae
Senna surattensis,Fabaceae
Senna X floribunda,Fabaceae
Centrosema pubescens,Fabaceae
Desmanthus pernambucanus,Fabaceae
Senna fruticosa,Fabaceae
Stylosanthes guianensis,Fabaceae
Oxalis bowiei,Oxalidaceae
Oxalis triangularis,Oxalidaceae
Laportea aestuans,Urticaceae
Sanchezia nobilis,Acanthaceae
Spathodea campanulata,Bignoniaceae
Heliotropium ellipticum,Boraginaceae
Ipomoea mauritiana,Convolvulaceae
Merremia tuberosa,Convolvulaceae
Torenia fournieri,Linderniaceae
Orobanche brassicae,Orobanchaceae
Solanum sarrachoides,Solanaceae
Diplotaxis muralis,Brassicaceae
Malvastrum americanum,Malvaceae
Eucalyptus exserta,Myrtaceae
Eucalyptus robusta,Myrtaceae
Gaura lindheimeri,Onagraceae
Oenothera villosa,Onagraceae
Clarkia pulchella,Onagraceae
Oenothera oakesiana,Onagraceae
Oenothera parviflora,Onagraceae
Oenothera tetraptera,Onagraceae
Fuchsia X hybrida,Onagraceae
Alternanthera bettzickiana,Amaranthaceae
Salicornia bigelovii,Amaranthaceae
Bryophyllum daigremontianum,Crassulaceae
Crocosmia X crocosmiiflora,Iridaceae
Lolium remotum,Poaceae
Paspalum paniculatum,Poaceae
Sporobolus pyramidatus,Poaceae
Festuca arundinacea,Poaceae
Sorghum X drummondii,Poaceae
Sorghum X almum,Poaceae
Paspalum plicatulum,Poaceae
Foeniculum vulgare,Apiaceae
Coriandrum sativum,Apiaceae
Bellis perennis,Asteraceae
Dahlia pinnata,Asteraceae
Lactuca sativa,Asteraceae
Calendula officinalis,Asteraceae
Momordica charantia,Cucurbitaceae
Sechium edule,Cucurbitaceae
Cucumis melo,Cucurbitaceae
Manihot esculenta,Euphorbiaceae
Dalbergia sissoo,Fabaceae
Lablab purpureus,Fabaceae
Pachyrhizus erosus,Fabaceae
Phaseolus coccineus,Fabaceae
Phaseolus lunatus,Fabaceae
Phaseolus vulgaris,Fabaceae
Linum usitatissimum,Linaceae
Nerium oleander,Apocynaceae
Ipomoea batatas,Convolvulaceae
Fraxinus americana,Oleaceae
Cestrum elegans,Solanaceae
Capsicum annuum,Solanaceae
Nicotiana tabacum,Solanaceae
Brugmansia suaveolens,Solanaceae
Mangifera indica,Anacardiaceae
Brassica juncea,Brassicaceae
Isatis tinctoria,Brassicaceae
Pachira aquatica,Malvaceae
Platanus orientalis,Platanaceae
Canna indica,Cannaceae
Avena sativa,Poaceae
Bambusa blumeana,Poaceae
Helianthus X laetiflorus,Asteraceae
Gerbera jamesonii,Asteraceae
Cyphomandra betacea,Solanaceae
Petunia hybrida,Solanaceae
Lycopersicon esculentum,Solanaceae
Gladiolus X hybridus,Iridaceae
Anthemis cotula,Asteraceae
Achillea millefolium,Asteraceae
Hemisteptia lyrata,Asteraceae
Sonchus arvensis,Asteraceae
Solanum americanum,Solanaceae
Sisymbrium orientale,Brassicaceae
Papaver nudicaule,Papaveraceae
Bromus arvensis,Poaceae
Apium graveolens,Apiaceae
Conium maculatum,Apiaceae
Petroselinum crispum,Apiaceae
Angelica acutiloba,Apiaceae
Cuminum cyminum,Apiaceae
Levisticum officinale,Apiaceae
Pastinaca sativa,Apiaceae
Silaum silaus,Apiaceae
Trachyspermum ammi,Apiaceae
Fatsia japonica,Araliaceae
Panax quinquefolius,Araliaceae
Polyscias cumingiana,Araliaceae
Polyscias fruticosa,Araliaceae
Polyscias guilfoylei,Araliaceae
Polyscias nodosa,Araliaceae
Polyscias scutellaria,Araliaceae
Acmella brachyglossa,Asteraceae
Ageratina riparia,Asteraceae
Carthamus tinctorius,Asteraceae
Cotula australis,Asteraceae
Erigeron bellioides,Asteraceae
Erigeron karvinskianus,Asteraceae
Gnaphalium coarctatum,Asteraceae
Gnaphalium purpureum,Asteraceae
Helianthus petiolaris,Asteraceae
Hypochaeris albiflora,Asteraceae
Hypochaeris chillensis,Asteraceae
Hypochaeris glabra,Asteraceae
Hypochaeris radicata,Asteraceae
Pectis prostrata,Asteraceae
Pulicaria dysenterica,Asteraceae
Senecio inaequidens,Asteraceae
Tanacetum cinerariifolium,Asteraceae
Tarlmounia elliptica,Asteraceae
Tragopogon porrifolius,Asteraceae
Centratherum punctatum,Asteraceae
Inula helenium,Asteraceae
Helianthus annuus,Asteraceae
Ambrosia psilostachya,Asteraceae
Lactuca tatarica,Asteraceae
Buphthalmum salicifolium,Asteraceae
Saussurea costus,Asteraceae
Grindelia squarrosa,Asteraceae
Helianthus debilis,Asteraceae
Tanacetum coccineum,Asteraceae
Xerochrysum bracteatum,Asteraceae
Acanthospermum australe,Asteraceae
Elephantopus mollis,Asteraceae
Erigeron floribundus,Asteraceae
Euthamia graminifolia,Asteraceae
Gnaphalium uliginosum,Asteraceae
Smallanthus sonchifolius,Asteraceae
Solidago rugosa,Asteraceae
Symphyotrichum retroflexum,Asteraceae
Lonicera sempervirens,Caprifoliaceae
Humulus lupulus,Cannabaceae
Casuarina cunninghamiana,Casuarinaceae
Casuarina glauca,Casuarinaceae
Catha edulis,Celastraceae
Euonymus japonicus,Celastraceae
Garcinia X mangostana,Clusiaceae
Cucurbita moschata,Cucurbitaceae
Melothria pendula,Cucurbitaceae
Citrullus lanatus,Cucurbitaceae
Cucurbita maxima,Cucurbitaceae
Cucurbita pepo,Cucurbitaceae
Trichosanthes cucumerina,Cucurbitaceae
Ecballium elaterium,Cucurbitaceae
Lagenaria siceraria,Cucurbitaceae
Luffa acutangula,Cucurbitaceae
Luffa cylindrica,Cucurbitaceae
Cyclanthera pedata,Cucurbitaceae
Croton bonplandianus,Euphorbiaceae
Euphorbia graminea,Euphorbiaceae
Euphorbia milii,Euphorbiaceae
Hevea brasiliensis,Euphorbiaceae
Codiaeum variegatum,Euphorbiaceae
Euphorbia neriifolia,Euphorbiaceae
Euphorbia hyssopifolia,Euphorbiaceae
Acalypha hispida,Euphorbiaceae
Euphorbia cotinifolia,Euphorbiaceae
Euphorbia macrocarpa,Euphorbiaceae
Hura crepitans,Euphorbiaceae
Jatropha multifida,Euphorbiaceae
Jatropha podagrica,Euphorbiaceae
Manihot carthaginensis,Euphorbiaceae
Reutealis trisperma,Euphorbiaceae
Canavalia ensiformis,Fabaceae
Cassia fistula,Fabaceae
Chamaecrista nictitans,Fabaceae
Cyamopsis tetragonoloba,Fabaceae
Delonix regia,Fabaceae
Desmodium intortum,Fabaceae
Desmodium scorpiurus,Fabaceae
Haematoxylum campechianum,Fabaceae
Lathyrus latifolius,Fabaceae
Macrotyloma uniflorum,Fabaceae
Medicago arabica,Fabaceae
Neonotonia wightii,Fabaceae
Robinia hispida,Fabaceae
Senna septemtrionalis,Fabaceae
Senna siamea,Fabaceae
Senna spectabilis,Fabaceae
Senna sulfurea,Fabaceae
Sesbania herbacea,Fabaceae
Tephrosia vogelii,Fabaceae
Trifolium aureum,Fabaceae
Trifolium campestre,Fabaceae
Trifolium dubium,Fabaceae
Trigonella caerulea,Fabaceae
Caesalpinia sappan,Fabaceae
Psophocarpus tetragonolobus,Fabaceae
Trifolium alexandrinum,Fabaceae
Trigonella foenum-graecum,Fabaceae
Vicia faba,Fabaceae
Mucuna pruriens,Fabaceae
Pisum sativum,Fabaceae
Vigna radiata,Fabaceae
Canavalia gladiata,Fabaceae
Pithecellobium dulce,Fabaceae
Trifolium medium,Fabaceae
Vigna unguiculata,Fabaceae
Derris elliptica,Fabaceae
Gleditsia triacanthos,Fabaceae
Medicago praecox,Fabaceae
Onobrychis viciifolia,Fabaceae
Lens culinaris,Fabaceae
Cicer arietinum,Fabaceae
Ononis spinosa,Fabaceae
Albizia saman,Fabaceae
Bauhinia tomentosa,Fabaceae
Calliandra haematocephala,Fabaceae
Ceratonia siliqua,Fabaceae
Colutea arborescens,Fabaceae
Desmodium triflorum,Fabaceae
Enterolobium cyclocarpum,Fabaceae
Glycyrrhiza aspera,Fabaceae
Hymenaea courbaril,Fabaceae
Hymenaea verrucosa,Fabaceae
Lathyrus sativus,Fabaceae
Lathyrus tuberosus,Fabaceae
Medicago arborea,Fabaceae
Parkia timoriana,Fabaceae
Parkinsonia aculeata,Fabaceae
Peltophorum pterocarpum,Fabaceae
Lotus angustissimus,Fabaceae
Sesbania bispinosa,Fabaceae
Vicia venosa,Fabaceae
Castanea crenata,Fagaceae
Quercus palustris,Fagaceae
Carya illinoinensis,Juglandaceae
Linum striatum,Linaceae
Ficus religiosa,Moraceae
Ficus elastica,Moraceae
Ficus carica,Moraceae
Artocarpus altilis,Moraceae
Artocarpus heterophyllus,Moraceae
Morus nigra,Moraceae
Averrhoa bilimbi,Oxalidaceae
Averrhoa carambola,Oxalidaceae
Passiflora adenopoda,Passifloraceae
Passiflora laurifolia,Passifloraceae
Adenia heterophylla,Passifloraceae
Sauropus spatulifolius,Phyllanthaceae
Phyllanthus debilis,Phyllanthaceae
Phyllanthus tenellus,Phyllanthaceae
Glochidion ramiflorum,Phyllanthaceae
Phyllanthus myrtifolius,Phyllanthaceae
Polygala paniculata,Polygalaceae
Scutia myrtina,Rhamnaceae
Prunus spinosa,Rosaceae
Spiraea japonica,Rosaceae
Cerasus yedoensis,Rosaceae
Chaenomeles japonica,Rosaceae
Cydonia oblonga,Rosaceae
Malus pumila,Rosaceae
Prunus avium,Rosaceae
Prunus cerasus,Rosaceae
Prunus domestica,Rosaceae
Prunus dulcis,Rosaceae
Prunus mahaleb,Rosaceae
Prunus subhirtella,Rosaceae
Pyrus communis,Rosaceae
Salix fragilis,Salicaceae
Populus X candicans,Salicaceae
Ulmus laevis,Ulmaceae
Pilea nummulariifolia,Urticaceae
Pilea cadierei,Urticaceae
Viola arvensis,Violaceae
Viola tricolor,Violaceae
Viola odorata,Violaceae
Asystasia gangetica,Acanthaceae
Blechum pyramidatum,Acanthaceae
Justicia ventricosa,Acanthaceae
Ruellia simplex,Acanthaceae
Allamanda cathartica,Apocynaceae
Rauvolfia tetraphylla,Apocynaceae
Vinca major,Apocynaceae
Ochrosia elliptica,Apocynaceae
Rauvolfia cubana,Apocynaceae
Vinca minor,Apocynaceae
Voacanga africana,Apocynaceae
Plumeria rubra,Apocynaceae
Acokanthera oppositifolia,Apocynaceae
Allamanda schottii,Apocynaceae
Carissa macrocarpa,Apocynaceae
Funtumia elastica,Apocynaceae
Gomphocarpus fruticosus,Apocynaceae
Hoya lacunosa,Apocynaceae
Mandevilla laxa,Apocynaceae
Plumeria obtusa,Apocynaceae
Rauvolfia vomitoria,Apocynaceae
Myosotis arvensis,Boraginaceae
Argyreia nervosa,Convolvulaceae
Ipomoea trifida,Convolvulaceae
Ipomoea wrightii,Convolvulaceae
Merremia dissecta,Convolvulaceae
Ipomoea carnea,Convolvulaceae
Poranopsis paniculata,Convolvulaceae
Elsholtzia communis,Lamiaceae
Hyptis spicigera,Lamiaceae
Lamium purpureum,Lamiaceae
Monarda fistulosa,Lamiaceae
Mentha longifolia,Lamiaceae
Rosmarinus officinalis,Lamiaceae
Tectona grandis,Lamiaceae
Prunella grandiflora,Lamiaceae
Hyssopus officinalis,Lamiaceae
Lavandula angustifolia,Lamiaceae
Mentha pulegium,Lamiaceae
Mentha suaveolens,Lamiaceae
Salvia officinalis,Lamiaceae
Stachys byzantina,Lamiaceae
Melissa officinalis,Lamiaceae
Nepeta cataria,Lamiaceae
Phlomis fruticosa,Lamiaceae
Stachys officinalis,Lamiaceae
Strychnos lucida,Loganiaceae
Strychnos nux-vomica,Loganiaceae
Jasminum grandiflorum,Oleaceae
Olea europaea,Oleaceae
Jasminum multiflorum,Oleaceae
Sesamum indicum,Pedaliaceae
Bacopa repens,Plantaginaceae
Plantago indica,Plantaginaceae
Plantago ovata,Plantaginaceae
Carapichea ipecacuanha,Rubiaceae
Coffea liberica,Rubiaceae
Pentas lanceolata,Rubiaceae
Spermacoce ocymifolia,Rubiaceae
Spermacoce prostrata,Rubiaceae
Spermadictyon suaveolens,Rubiaceae
Cinchona calisaya,Rubiaceae
Cinchona officinalis,Rubiaceae
Cinchona pubescens,Rubiaceae
Morinda lucida,Rubiaceae
Mussaenda erythrophylla,Rubiaceae
Sherardia arvensis,Rubiaceae
Coffea arabica,Rubiaceae
Coffea congensis,Rubiaceae
Coffea stenophylla,Rubiaceae
Hamelia patens,Rubiaceae
Mussaenda frondosa,Rubiaceae
Phuopsis stylosa,Rubiaceae
Rondeletia odorata,Rubiaceae
Buddleja madagascariensis,Scrophulariaceae
Nicotiana alata,Solanaceae
Nicotiana plumbaginifolia,Solanaceae
Solanum wrightii,Solanaceae
Solanum viarum,Solanaceae
Solanum chrysotrichum,Solanaceae
Solanum seaforthianum,Solanaceae
Solanum melongena,Solanaceae
Nicotiana glauca,Solanaceae
Nicotiana rustica,Solanaceae
Physalis pubescens,Solanaceae
Solanum aethiopicum,Solanaceae
Solanum angustifolium,Solanaceae
Solanum laciniatum,Solanaceae
Solanum lycopersicum,Solanaceae
Verbena bonariensis,Verbenaceae
Anacardium occidentale,Anacardiaceae
Bixa orellana,Bixaceae
Rorippa austriaca,Brassicaceae
Sisymbrium officinale,Brassicaceae
Eutrema japonicum,Brassicaceae
Lobularia maritima,Brassicaceae
Rapistrum rugosum,Brassicaceae
Sisymbrium altissimum,Brassicaceae
Hesperis matronalis,Brassicaceae
Lepidium sativum,Brassicaceae
Brassica rapa,Brassicaceae
Brassica tournefortii,Brassicaceae
Brassica cretica,Brassicaceae
Brassica oleracea,Brassicaceae
Lepidium bonariense,Brassicaceae
Brassica napus,Brassicaceae
Alyssum linifolium,Brassicaceae
Arabidopsis thaliana,Brassicaceae
Carica papaya,Caricaceae
Cleoserrata speciosa,Cleomaceae
Cleome houtteana,Cleomaceae
Erodium moschatum,Geraniaceae
Geranium dissectum,Geraniaceae
Geranium molle,Geraniaceae
Geranium pusillum,Geraniaceae
Punica granatum,Lythraceae
Rotala ramosior,Lythraceae
Ceiba pentandra,Malvaceae
Gossypium hirsutum,Malvaceae
Hibiscus cannabinus,Malvaceae
Hibiscus sabdariffa,Malvaceae
Malva neglecta,Malvaceae
Malvaviscus penduliflorus,Malvaceae
Sida spinosa,Malvaceae
Gossypium arboreum,Malvaceae
Gossypium barbadense,Malvaceae
Hibiscus moscheutos,Malvaceae
Malvaviscus arboreus,Malvaceae
Theobroma cacao,Malvaceae
Gossypium herbaceum,Malvaceae
Swietenia mahagoni,Meliaceae
Cedrela odorata,Meliaceae
Khaya senegalensis,Meliaceae
Moringa oleifera,Moringaceae
Muntingia calabura,Muntingiaceae
Corymbia citriodora,Myrtaceae
Eucalyptus camaldulensis,Myrtaceae
Eucalyptus crebra,Myrtaceae
Lophostemon confertus,Myrtaceae
Syzygium malaccense,Myrtaceae
Corymbia maculata,Myrtaceae
Corymbia torelliana,Myrtaceae
Eucalyptus alba,Myrtaceae
Eucalyptus bicolor,Myrtaceae
Eucalyptus blakelyi,Myrtaceae
Eucalyptus botryoides,Myrtaceae
Eucalyptus grandis,Myrtaceae
Eucalyptus leptophleba,Myrtaceae
Eucalyptus melliodora,Myrtaceae
Eucalyptus microcorys,Myrtaceae
Eucalyptus paniculata,Myrtaceae
Eucalyptus pellita,Myrtaceae
Eucalyptus platyphylla,Myrtaceae
Eucalyptus saligna,Myrtaceae
Eugenia uniflora,Myrtaceae
Melaleuca cajuputi,Myrtaceae
Psidium cattleianum,Myrtaceae
Syzygium samarangense,Myrtaceae
Ludwigia peploides,Onagraceae
Oenothera odorata,Onagraceae
Reseda alba,Resedaceae
Citrus aurantiifolia,Rutaceae
Citrus medica,Rutaceae
Citrus X aurantium,Rutaceae
Aegle marmelos,Rutaceae
Citrus limon,Rutaceae
Nephelium lappaceum,Sapindaceae
Acer japonicum,Sapindaceae
Aesculus hippocastanum,Sapindaceae
Aesculus turbinata,Sapindaceae
Sapindus mukorossi,Sapindaceae
Tropaeolum majus,Tropaeolaceae
Amaranthus dubius,Amaranthaceae
Amaranthus tuberculatus,Amaranthaceae
Iresine herbstii,Amaranthaceae
Spinacia oleracea,Amaranthaceae
Beta vulgaris,Amaranthaceae
Atriplex nummularia,Amaranthaceae
Atriplex hortensis,Amaranthaceae
Berberis thunbergii,Berberidaceae
Opuntia stricta,Cactaceae
Cerastium tomentosum,Caryophyllaceae
Dianthus sylvestris,Caryophyllaceae
Drymaria cordata,Caryophyllaceae
Dianthus barbatus,Caryophyllaceae
Sagina procumbens,Caryophyllaceae
Silene armeria,Caryophyllaceae
Sedum mexicanum,Crassulaceae
Aeonium spathulatum,Crassulaceae
Ribes nigrum,Grossulariaceae
Ribes uva-crispa,Grossulariaceae
Ribes americanum,Grossulariaceae
Ribes aureum,Grossulariaceae
Myriophyllum heterophyllum,Haloragaceae
Deutzia crenata,Hydrangeaceae
Deutzia gracilis,Hydrangeaceae
Mollugo verticillata,Molluginaceae
Boerhavia coccinea,Nyctaginaceae
Fumaria officinalis,Papaveraceae
Papaver orientale,Papaveraceae
Papaver somniferum,Papaveraceae
Eschscholzia californica,Papaveraceae
Platanus occidentalis,Platanaceae
Plumbago auriculata,Plumbaginaceae
Calligonum caput-medusae,Polygonaceae
Persicaria pensylvanica,Polygonaceae
Anagallis arvensis,Primulaceae
Samolus valerandi,Primulaceae
Macadamia integrifolia,Proteaceae
Macadamia tetraphylla,Proteaceae
Ranunculus marginatus,Ranunculaceae
Tamarix aphylla,Tamaricaceae
Vitis vinifera,Vitaceae
Cayratia maritima,Vitaceae
Artabotrys hexapetalus,Annonaceae
Cananga odorata,Annonaceae
Annona glabra,Annonaceae
Annona squamosa,Annonaceae
Annona cherimola,Annonaceae
Annona macroprophyllata,Annonaceae
Annona montana,Annonaceae
Annona muricata,Annonaceae
Annona reticulata,Annonaceae
Rollinia mucosa,Annonaceae
Cinnamomum verum,Lauraceae
Persea americana,Lauraceae
Michelia alba,Magnoliaceae
Myristica fragrans,Myristicaceae
Piper nigrum,Piperaceae
Narcissus tazetta,Amaryllidaceae
Caladium bicolor,Araceae
Spirodela punctata,Araceae
Elaeis guineensis,Arecaceae
Areca catechu,Arecaceae
Arenga pinnata,Arecaceae
Cocos nucifera,Arecaceae
Phoenix dactylifera,Arecaceae
Asparagus densiflorus,Asparagaceae
Asparagus setaceus,Asparagaceae
Cordyline fruticosa,Asparagaceae
Aloe vera,Asphodelaceae
Ananas comosus,Bromeliaceae
Callisia fragrans,Commelinaceae
Tradescantia spathacea,Commelinaceae
Syringodium isoetifolium,Cymodoceaceae
Cyperus eragrostis,Cyperaceae
Cyperus alternifolius,Cyperaceae
Cyperus prolifer,Cyperaceae
Cyperus surinamensis,Cyperaceae
Kyllinga polyphylla,Cyperaceae
Dioscorea arachidna,Dioscoreaceae
Tacca leontopetaloides,Dioscoreaceae
Dioscorea esculenta,Dioscoreaceae
Dioscorea alata,Dioscoreaceae
Limnobium laevigatum,Hydrocharitaceae
Vallisneria americana,Hydrocharitaceae
Blyxa japonica,Hydrocharitaceae
Eleutherine bulbosa,Iridaceae
Sisyrinchium atlanticum,Iridaceae
Sisyrinchium micranthum,Iridaceae
Sisyrinchium rosulatum,Iridaceae
Crocus sativus,Iridaceae
Lilium hansonii,Liliaceae
Maranta arundinacea,Marantaceae
Cymbidium atropurpureum,Orchidaceae
Pandanus tectorius,Pandanaceae
Agrostis avenacea,Poaceae
Alopecurus myosuroides,Poaceae
Avena sterilis,Poaceae
Axonopus fissifolius,Poaceae
Brachiaria plantaginea,Poaceae
Briza minor,Poaceae
Bromus carinatus,Poaceae
Bromus pubescens,Poaceae
Cenchrus ciliaris,Poaceae
Eragrostis ciliaris,Poaceae
Holcus lanatus,Poaceae
Melinis minutiflora,Poaceae
Phalaris canariensis,Poaceae
Tripsacum dactyloides,Poaceae
Cynosurus cristatus,Poaceae
Leptochloa fusca,Poaceae
Dendrocalamus membranaceus,Poaceae
Echinochloa frumentacea,Poaceae
Secale sylvestre,Poaceae
Sorghum bicolor,Poaceae
Stenotaphrum secundatum,Poaceae
Cenchrus caliculatus,Poaceae
Pennisetum glaucum,Poaceae
Bromus sterilis,Poaceae
Zea mays,Poaceae
Eleusine coracana,Poaceae
Triticum aestivum,Poaceae
Cortaderia selloana,Poaceae
Bouteloua curtipendula,Poaceae
Briza maxima,Poaceae
Cenchrus setiger,Poaceae
Chondrosum gracile,Poaceae
Cymbopogon martini,Poaceae
Dendrocalamus brandisii,Poaceae
Digitaria longiflora,Poaceae
Panicum virgatum,Poaceae
Pleioblastus fortunei,Poaceae
Pseudosasa japonica,Poaceae
Semiarundinaria fastuosa,Poaceae
Agrostis canina,Poaceae
Avena nuda,Poaceae
Dendrocalamus strictus,Poaceae
Ischaemum rugosum,Poaceae
Oryza glaberrima,Poaceae
Etlingera elatior,Zingiberaceae
Curcuma longa,Zingiberaceae
Zingiber officinale,Zingiberaceae
Amomum compactum,Zingiberaceae
Nymphaea capensis,Nymphaeaceae
Nymphaea alba,Nymphaeaceae
Nymphaea nouchali,Nymphaeaceae
Anethum graveolens,Apiaceae
Ammi visnaga,Apiaceae
Pimpinella anisum,Apiaceae
Trachyspermum roxburghianum,Apiaceae
Acmella ciliata,Asteraceae
Acmella radicans,Asteraceae
Acmella uliginosa,Asteraceae
Amberboa moschata,Asteraceae
Austroeupatorium inulaefolium,Asteraceae
Clibadium surinamense,Asteraceae
Emilia praetermissa,Asteraceae
Gnaphalium calviceps,Asteraceae
Guizotia abyssinica,Asteraceae
Lagascea mollis,Asteraceae
Sclerocarpus africanus,Asteraceae
Solidago altissima,Asteraceae
Tagetes minima,Asteraceae
Taraxacum rhodopodum,Asteraceae
Conoclinium coelestinum,Asteraceae
Senecio radicans,Asteraceae
Pericallis hybrida,Asteraceae
Seriphidium cinum,Asteraceae
Conyza canadensis,Asteraceae
Erechtites hieracifolia,Asteraceae
Erechtites valerianifolia,Asteraceae
Helianthus laetiflorus,Asteraceae
Spilanthes acmella,Asteraceae
Taraxacum oblongatum,Asteraceae
Taraxacum scanicum,Asteraceae
Erythroxylum novogranatense,Erythroxylaceae
Acalypha indica,Euphorbiaceae
Euphorbia sororia,Euphorbiaceae
Acalypha wilkesiana,Euphorbiaceae
Shirakiopsis indica,Euphorbiaceae
Alysicarpus ovalifolius,Fabaceae
Arachis hypogaea,Fabaceae
Clitoria falcata,Fabaceae
Crotalaria triquetra,Fabaceae
Desmanthus virgatus,Fabaceae
Ormocarpum cochinchinense,Fabaceae
Tephrosia noctiflora,Fabaceae
Trigonella hamosa,Fabaceae
Erythrina variegata,Fabaceae
Lindernia dubia,Fabaceae
Lathyrus odoratus,Fabaceae
Lotononis bainesii,Fabaceae
Lotus tetragonolobus,Fabaceae
Afzelia xylocarpa,Fabaceae
Colutea X media,Fabaceae
Crotalaria bialata,Fabaceae
Falcataria moluccana,Fabaceae
Mimosa invisa,Fabaceae
Paraderris malaccensis,Fabaceae
Parkia leiophylla,Fabaceae
Senna floribunda,Fabaceae
Senna multijuga,Fabaceae
Sindora tonkinensis,Fabaceae
Stylosanthes hamata,Fabaceae
Quercus robur,Fagaceae
Oxalis pes-caprae,Oxalidaceae
Baccaurea motleyana,Phyllanthaceae
Paliurus spina-christi,Rhamnaceae
Cerasus lannesiana,Rosaceae
Crataegus chlorosarca,Rosaceae
Fragaria X ananassa,Rosaceae
Prunus ssiori,Rosaceae
Populus X canadensis,Salicaceae
Salix X fragilis,Salicaceae
Salix carmanica,Salicaceae
Salix koriyanagi,Salicaceae
Viola hederacea,Violaceae
Justicia comata,Acanthaceae
Thunbergia affinis,Acanthaceae
Strophanthus gratus,Apocynaceae
Cameraria latifolia,Apocynaceae
Cascabela thevetia,Apocynaceae
Strophanthus hispidus,Apocynaceae
Strophanthus sarmentosus,Apocynaceae
Thevetia ahouai,Apocynaceae
Voacanga chalotiana,Apocynaceae
Gomphocarpus physocarpus,Apocynaceae
Heliotropium procumbens,Boraginaceae
Evolvulus nummularius,Convolvulaceae
Ipomoea turbinata,Convolvulaceae
Dichondra micrantha,Convolvulaceae
Ipomoea fistulosa,Convolvulaceae
Pharbitis purpurea,Convolvulaceae
Lavandula latifolia,Lamiaceae
Monarda didyma,Lamiaceae
Anisochilus carnosus,Lamiaceae
Strychnos nux-blanda,Loganiaceae
Ligustrum japonicum,Oleaceae
Jasminum sambac,Oleaceae
Callitriche peploides,Plantaginaceae
Mecardonia procumbens,Plantaginaceae
Stemodia verticillata,Plantaginaceae
Bacopa caroliniana,Plantaginaceae
Diodia virginiana,Rubiaceae
Oldenlandiopsis callitrichoides,Rubiaceae
Spermacoce exilis,Rubiaceae
Asperula orientalis,Rubiaceae
Coffea canephora,Rubiaceae
Brugmansia X candida,Solanaceae
Solanum tuberosum,Solanaceae
Cestrum aurantiacum,Solanaceae
Solanum surattense,Solanaceae
Solanum verbascifolium,Solanaceae
Withania begoniifolia,Solanaceae
Verbena brasiliensis,Verbenaceae
Coronopus integrifolius,Brassicaceae
Barbarea intermedia,Brassicaceae
Dipterocarpus turbinatus,Dipterocarpaceae
Duabanga X taylorii,Lythraceae
Abutilon pictum,Malvaceae
Malachra capitata,Malvaceae
Malva cathayensis,Malvaceae
Helicteres elongata,Malvaceae
Hibiscus schizopetalus,Malvaceae
Melochia spicata,Malvaceae
Pentapetes phoenicea,Malvaceae
Sterculia foetida,Malvaceae
Eucalyptus polyanthemos,Myrtaceae
Eucalyptus amplifolia,Myrtaceae
Eucalyptus punctata,Myrtaceae
Eucalyptus rudis,Myrtaceae
Eucalyptus tereticornis,Myrtaceae
Gaura biennis,Onagraceae
Oenothera X erythrosepala,Onagraceae
Reseda odorata,Resedaceae
Citrus X junos,Rutaceae
Pupalia micrantha,Amaranthaceae
Digera muricata,Amaranthaceae
Alternanthera reineckii,Amaranthaceae
Cereus repandus,Cactaceae
Epiphyllum oxypetalum,Cactaceae
Nopalea cochenillifera,Cactaceae
Drymaria villosa,Caryophyllaceae
Ribes multiflorum,Grossulariaceae
Papaver leiocarpum,Papaveraceae
Platanus acerifolia,Platanaceae
Portulaca quadrifida,Portulacaceae
Polyalthia longifolia,Annonaceae
Laurus nobilis,Lauraceae
Magnolia stellata,Magnoliaceae
Magnolia grandiflora,Magnoliaceae
Magnolia obovata,Magnoliaceae
Michelia champaca,Magnoliaceae
Allium sativum,Amaryllidaceae
Allium cepa,Amaryllidaceae
Hippeastrum striatum,Amaryllidaceae
Allium ampeloprasum,Amaryllidaceae
Zephyranthes minuta,Amaryllidaceae
Dieffenbachia seguine,Araceae
Cryptocoryne crispatula,Araceae
Agave fourcroydes,Asparagaceae
Agave gigantensis,Asparagaceae
Agave vivipara,Asparagaceae
Furcraea foetida,Asparagaceae
Cyperus cyperinus,Cyperaceae
Eriocaulon melanocephalum,Eriocaulaceae
Gladiolus X gandavensis,Iridaceae
Musa textilis,Musaceae
Musa X paradisiaca,Musaceae
Pelexia obliqua,Orchidaceae
Bromus marginatus,Poaceae
Cynodon plectostachyus,Poaceae
Sporobolus tenuissimus,Poaceae
Zea mexicana,Poaceae
Bromus rigidus,Poaceae
Dendrocalamus birmanicus,Poaceae
Dendrocalamus calostachyus,Poaceae
Thyrsostachys oliveri,Poaceae
Phalaris aquatica,Poaceae
Bambusa longispiculata,Poaceae
Eustachys tenera,Poaceae
Melocanna arundina,Poaceae
Pennisetum polystachyon,Poaceae
Poa juncifolia,Poaceae
Pseudosasa disticha,Poaceae
Triticum turanicum,Poaceae
Poa angustifolia,Poaceae
Potamogeton vaseyi,Potamogetonaceae
Cabomba furcata,Cabombaceae
